[{
    "imgSrc" : "../../images/userface1.jpg",
    "imgTitle" : "美女生活照1"
},{
    "imgSrc" : "../../images/userface2.jpg",
    "imgTitle" : "美女生活照2"
},{
    "imgSrc" : "../../images/userface3.jpg",
    "imgTitle" : "美女生活照3"
},{
    "imgSrc" : "../../images/userface4.jpg",
    "imgTitle" : "美女生活照4"
},{
    "imgSrc" : "../../images/userface5.jpg",
    "imgTitle" : "美女生活照5"
},{
    "imgSrc" : "../../images/userface1.jpg",
    "imgTitle" : "美女生活照6"
},{
    "imgSrc" : "../../images/userface2.jpg",
    "imgTitle" : "美女生活照7"
},{
    "imgSrc" : "../../images/userface3.jpg",
    "imgTitle" : "美女生活照8"
},{
    "imgSrc" : "../../images/userface4.jpg",
    "imgTitle" : "美女生活照9"
},{
    "imgSrc" : "../../images/userface5.jpg",
    "imgTitle" : "美女生活照10"
},{
    "imgSrc" : "../../images/userface1.jpg",
    "imgTitle" : "美女生活照11"
},{
    "imgSrc" : "../../images/userface2.jpg",
    "imgTitle" : "美女生活照12"
},{
    "imgSrc" : "../../images/userface3.jpg",
    "imgTitle" : "美女生活照13"
},{
    "imgSrc" : "../../images/userface4.jpg",
    "imgTitle" : "美女生活照14"
},{
    "imgSrc" : "../../images/userface5.jpg",
    "imgTitle" : "美女生活照15"
},{
    "imgSrc" : "../../images/userface1.jpg",
    "imgTitle" : "美女生活照16"
},{
    "imgSrc" : "../../images/userface2.jpg",
    "imgTitle" : "美女生活照17"
},{
    "imgSrc" : "../../images/userface3.jpg",
    "imgTitle" : "美女生活照18"
},{
    "imgSrc" : "../../images/userface4.jpg",
    "imgTitle" : "美女生活照19"
},{
    "imgSrc" : "../../images/userface5.jpg",
    "imgTitle" : "美女生活照20"
},{
    "imgSrc" : "../../images/userface1.jpg",
    "imgTitle" : "美女生活照21"
},{
    "imgSrc" : "../../images/userface2.jpg",
    "imgTitle" : "美女生活照22"
},{
    "imgSrc" : "../../images/userface3.jpg",
    "imgTitle" : "美女生活照23"
},{
    "imgSrc" : "../../images/userface4.jpg",
    "imgTitle" : "美女生活照24"
},{
    "imgSrc" : "../../images/userface5.jpg",
    "imgTitle" : "美女生活照25"
},{
    "imgSrc" : "../../images/userface1.jpg",
    "imgTitle" : "美女生活照26"
},{
    "imgSrc" : "../../images/userface2.jpg",
    "imgTitle" : "美女生活照27"
},{
    "imgSrc" : "../../images/userface3.jpg",
    "imgTitle" : "美女生活照28"
},{
    "imgSrc" : "../../images/userface4.jpg",
    "imgTitle" : "美女生活照29"
},{
    "imgSrc" : "../../images/userface5.jpg",
    "imgTitle" : "美女生活照30"
},{
    "imgSrc" : "../../images/userface3.jpg",
    "imgTitle" : "美女生活照31"
}]