[{
    "newsId" : "1",
    "newsName" : "css3用transition实现边框动画效果",
    "newsAuthor" : "",
    "newsStatus" : "审核通过",
    "newsLook" : "开放浏览",
    "isShow" : "",
    "newsTime" : "2017-04-14"
},{
    "newsId" : "2",
    "newsName" : "自定义的模块名称可以包含/吗",
    "newsAuthor" : "",
    "newsStatus" : "待审核",
    "newsLook" : "开放浏览",
    "isShow" : "checked",
    "newsTime" : "2017-04-14"
},{
    "newsId" : "3",
    "newsName" : "layui.tree如何ajax加载二级菜单",
    "newsAuthor" : "admin",
    "newsStatus" : "审核通过",
    "newsLook" : "开放浏览",
    "isShow" : "checked",
    "newsTime" : "2017-04-14"
},{
    "newsId" : "4",
    "newsName" : "layui.upload如何带参数？像jq的data:{}那样",
    "newsAuthor" : "admin",
    "newsStatus" : "审核通过",
    "newsLook" : "开放浏览",
    "isShow" : "checked",
    "newsTime" : "2017-04-14"
},{
    "newsId" : "5",
    "newsName" : "表单元素长度应该怎么调整才美观",
    "newsAuthor" : "请叫我马哥",
    "newsStatus" : "待审核",
    "newsLook" : "开放浏览",
    "isShow" : "checked",
    "newsTime" : "2017-04-14"
},{
    "newsId" : "6",
    "newsName" : "layui 利用ajax冲获取到json 数据后 怎样进行渲染",
    "newsAuthor" : "admin",
    "newsStatus" : "审核通过",
    "newsLook" : "开放浏览",
    "isShow" : "checked",
    "newsTime" : "2017-04-14"
},{
    "newsId" : "7",
    "newsName" : "微信页面中富文本编辑器LayEdit无法使用",
    "newsAuthor" : "",
    "newsStatus" : "待审核",
    "newsLook" : "开放浏览",
    "isShow" : "",
    "newsTime" : "2017-04-14"
},{
    "newsId" : "8",
    "newsName" : "layui 什么时候发布新的版本呀",
    "newsAuthor" : "",
    "newsStatus" : "审核通过",
    "newsLook" : "开放浏览",
    "isShow" : "checked",
    "newsTime" : "2017-04-14"
},{
    "newsId" : "9",
    "newsName" : "layui上传组件不支持上传前的图片预览嘛？",
    "newsAuthor" : "admin",
    "newsStatus" : "审核通过",
    "newsLook" : "开放浏览",
    "isShow" : "checked",
    "newsTime" : "2017-04-14"
},{
    "newsId" : "10",
    "newsName" : "关于layer.confirm点击无法关闭的疑惑",
    "newsAuthor" : "admin",
    "newsStatus" : "待审核",
    "newsLook" : "开放浏览",
    "isShow" : "checked",
    "newsTime" : "2017-04-14"
},{
    "newsId" : "11",
    "newsName" : "layui form表单提交成功如何拿取返回值",
    "newsAuthor" : "请叫我马哥",
    "newsStatus" : "审核通过",
    "newsLook" : "开放浏览",
    "isShow" : "checked",
    "newsTime" : "2017-04-14"
},{
    "newsId" : "12",
    "newsName" : "layer mobileV2.0 yes回调函数无法用？",
    "newsAuthor" : "",
    "newsStatus" : "待审核",
    "newsLook" : "开放浏览",
    "isShow" : "checked",
    "newsTime" : "2017-04-14"
},{
    "newsId" : "13",
    "newsName" : "关于layer中自带的btn回调弹层页面的内容",
    "newsAuthor" : "admin",
    "newsStatus" : "待审核",
    "newsLook" : "开放浏览",
    "isShow" : "",
    "newsTime" : "2017-04-14"
},{
    "newsId" : "14",
    "newsName" : "被编辑器 layedit 图片上传搞崩溃了",
    "newsAuthor" : "",
    "newsStatus" : "审核通过",
    "newsLook" : "开放浏览",
    "isShow" : "checked",
    "newsTime" : "2017-04-14"
},{
    "newsId" : "15",
    "newsName" : "element.tabChange()方法运行了，但是页面并没有产生效果",
    "newsAuthor" : "",
    "newsStatus" : "审核通过",
    "newsLook" : "开放浏览",
    "isShow" : "checked",
    "newsTime" : "2017-04-14"
},{
    "newsId" : "16",
    "newsName" : "请教一下layer的滚动条时怎么搞的。真心喜欢啊",
    "newsAuthor" : "admin",
    "newsStatus" : "待审核",
    "newsLook" : "开放浏览",
    "isShow" : "checked",
    "newsTime" : "2017-04-14"
},{
    "newsId" : "17",
    "newsName" : "时间控件怎么取消默认的淡入淡出效果。。。",
    "newsAuthor" : "",
    "newsStatus" : "审核通过",
    "newsLook" : "开放浏览",
    "isShow" : "checked",
    "newsTime" : "2017-04-14"
},{
    "newsId" : "18",
    "newsName" : "layer移动版，有一年没有更新了，不更新了吗？",
    "newsAuthor" : "admin",
    "newsStatus" : "待审核",
    "newsLook" : "开放浏览",
    "isShow" : "checked",
    "newsTime" : "2017-04-14"
},{
    "newsId" : "19",
    "newsName" : "layer弹出的动画可以自定义吗",
    "newsAuthor" : "admin",
    "newsStatus" : "待审核",
    "newsLook" : "开放浏览",
    "isShow" : "",
    "newsTime" : "2017-04-14"
},{
    "newsId" : "20",
    "newsName" : "点击layer弹窗里的按钮，不能再显示一个弹窗，为什么呢？",
    "newsAuthor" : "admin",
    "newsStatus" : "审核通过",
    "newsLook" : "开放浏览",
    "isShow" : "checked",
    "newsTime" : "2017-04-14"
},{
    "newsId" : "21",
    "newsName" : "layer 为什么可以单引入css",
    "newsAuthor" : "请叫我马哥",
    "newsStatus" : "审核通过",
    "newsLook" : "开放浏览",
    "isShow" : "checked",
    "newsTime" : "2017-04-14"
},{
    "newsId" : "22",
    "newsName" : "进度条的lay-percent=''是通过ajax动态加载的 可是在页面上无效果",
    "newsAuthor" : "",
    "newsStatus" : "待审核",
    "newsLook" : "开放浏览",
    "isShow" : "checked",
    "newsTime" : "2017-04-14"
},{
    "newsId" : "23",
    "newsName" : "Layim适合做官网的在线客服交流功能吗？",
    "newsAuthor" : "admin",
    "newsStatus" : "审核通过",
    "newsLook" : "开放浏览",
    "isShow" : "checked",
    "newsTime" : "2017-04-14"
},{
    "newsId" : "24",
    "newsName" : "模块化城市三级联动！模块化加载",
    "newsAuthor" : "",
    "newsStatus" : "审核通过",
    "newsLook" : "开放浏览",
    "isShow" : "checked",
    "newsTime" : "2017-04-14"
},{
    "newsId" : "25",
    "newsName" : "fly社区个人中心导航菜单效果是纯CSS做的吗？",
    "newsAuthor" : "admin",
    "newsStatus" : "待审核",
    "newsLook" : "开放浏览",
    "isShow" : "",
    "newsTime" : "2017-04-14"
},{
    "newsId" : "26",
    "newsName" : "关于load 弹出显示文字的问题【严重】",
    "newsAuthor" : "",
    "newsStatus" : "审核通过",
    "newsLook" : "开放浏览",
    "isShow" : "checked",
    "newsTime" : "2017-04-14"
},{
    "newsId" : "27",
    "newsName" : "layim for mobile，移动端关于群聊的插件",
    "newsAuthor" : "admin",
    "newsStatus" : "待审核",
    "newsLook" : "开放浏览",
    "isShow" : "checked",
    "newsTime" : "2017-04-14"
},{
    "newsId" : "28",
    "newsName" : "layui：表单radio和checkbox怎么做必须校验",
    "newsAuthor" : "",
    "newsStatus" : "审核通过",
    "newsLook" : "开放浏览",
    "isShow" : "checked",
    "newsTime" : "2017-04-14"
},{
    "newsId" : "29",
    "newsName" : "关于layui官网页面代码里面的site样式表",
    "newsAuthor" : "",
    "newsStatus" : "待审核",
    "newsLook" : "开放浏览",
    "isShow" : "checked",
    "newsTime" : "2017-04-14"
},{
    "newsId" : "30",
    "newsName" : "不触发表单的submit,如何进行layui的表单验证？",
    "newsAuthor" : "admin",
    "newsStatus" : "审核通过",
    "newsLook" : "开放浏览",
    "isShow" : "checked",
    "newsTime" : "2017-04-14"
}]